{
  "version": "1",
  "type": "audio_linear_classifier",
  "feature_names": [
    "rms",
    "abs_mean",
    "std",
    "max_abs",
    "zcr",
    "spec_centroid",
    "spec_bandwidth",
    "spec_rolloff85",
    "spec_flatness"
  ],
  "weights": [
    1.372314214706421,
    1.3721362352371216,
    1.3723206520080566,
    0.5852680206298828,
    -0.18978124856948853,
    -0.15372197329998016,
    0.11408990621566772,
    -0.013836149126291275,
    0.036086197942495346
  ],
  "bias": -0.028319364172057257,
  "mean": [
    0.027176007628440857,
    0.015612155199050903,
    0.0271757822483778,
    0.26923638582229614,
    0.11918053030967712,
    0.07097756117582321,
    0.08788567781448364,
    0.09948477894067764,
    0.3817141354084015
  ],
  "std": [
    0.010800011456012726,
    0.007155003026127815,
    0.010799884796142578,
    0.04964110255241394,
    0.01934201270341873,
    0.018149498850107193,
    0.025960693135857582,
    0.03529434651136398,
    0.07593891769647598
  ],
  "threshold": 0.3,
  "sample_rate": 16000,
  "trained_at_utc": "2026-04-15T11:21:00.294620+00:00",
  "train_size": 5265,
  "val_size": 1317,
  "metrics": {
    "accuracy": 1.0,
    "precision": 1.0,
    "recall": 1.0,
    "f1": 1.0
  },
  "enabled": true
}